"LOCATION","INDICATOR","SUBJECT","MEASURE","FREQUENCY","TIME","Value","Flag Codes"
"AUS","LIFEEXP","MEN","YR","A","2018",80.7,
"AUS","LIFEEXP","MEN","YR","A","2019",80.9,
"AUS","LIFEEXP","MEN","YR","A","2020",81.2,
"AUS","LIFEEXP","TOT","YR","A","2018",82.7,
"AUS","LIFEEXP","TOT","YR","A","2019",82.9,
"AUS","LIFEEXP","TOT","YR","A","2020",83.2,
"AUS","LIFEEXP","WOMEN","YR","A","2018",84.9,
"AUS","LIFEEXP","WOMEN","YR","A","2019",85,
"AUS","LIFEEXP","WOMEN","YR","A","2020",85.3,
"AUT","LIFEEXP","MEN","YR","A","2018",79.4,
"AUT","LIFEEXP","MEN","YR","A","2019",79.7,
"AUT","LIFEEXP","MEN","YR","A","2020",78.9,
"AUT","LIFEEXP","MEN","YR","A","2021",78.8,
"AUT","LIFEEXP","TOT","YR","A","2018",81.8,
"AUT","LIFEEXP","TOT","YR","A","2019",82,
"AUT","LIFEEXP","TOT","YR","A","2020",81.3,
"AUT","LIFEEXP","TOT","YR","A","2021",81.3,
"AUT","LIFEEXP","WOMEN","YR","A","2018",84.1,
"AUT","LIFEEXP","WOMEN","YR","A","2019",84.2,
"AUT","LIFEEXP","WOMEN","YR","A","2020",83.6,
"AUT","LIFEEXP","WOMEN","YR","A","2021",83.8,
"BEL","LIFEEXP","MEN","YR","A","2018",79.4,
"BEL","LIFEEXP","MEN","YR","A","2019",79.8,
"BEL","LIFEEXP","MEN","YR","A","2020",78.6,
"BEL","LIFEEXP","MEN","YR","A","2021",79.5,
"BEL","LIFEEXP","TOT","YR","A","2018",81.7,
"BEL","LIFEEXP","TOT","YR","A","2019",82.1,
"BEL","LIFEEXP","TOT","YR","A","2020",80.8,
"BEL","LIFEEXP","TOT","YR","A","2021",81.9,
"BEL","LIFEEXP","WOMEN","YR","A","2018",83.9,
"BEL","LIFEEXP","WOMEN","YR","A","2019",84.3,
"BEL","LIFEEXP","WOMEN","YR","A","2020",83,
"BEL","LIFEEXP","WOMEN","YR","A","2021",84.4,
"CAN","LIFEEXP","MEN","YR","A","2018",79.9,
"CAN","LIFEEXP","MEN","YR","A","2019",80,
"CAN","LIFEEXP","MEN","YR","A","2020",79.5,
"CAN","LIFEEXP","TOT","YR","A","2018",81.9,
"CAN","LIFEEXP","TOT","YR","A","2019",82.3,
"CAN","LIFEEXP","TOT","YR","A","2020",81.7,
"CAN","LIFEEXP","WOMEN","YR","A","2018",84.1,
"CAN","LIFEEXP","WOMEN","YR","A","2019",84.2,
"CAN","LIFEEXP","WOMEN","YR","A","2020",84,
"CZE","LIFEEXP","MEN","YR","A","2018",76.2,
"CZE","LIFEEXP","MEN","YR","A","2019",76.4,
"CZE","LIFEEXP","MEN","YR","A","2020",75.3,
"CZE","LIFEEXP","MEN","YR","A","2021",74.3,
"CZE","LIFEEXP","TOT","YR","A","2018",79.1,
"CZE","LIFEEXP","TOT","YR","A","2019",79.3,
"CZE","LIFEEXP","TOT","YR","A","2020",78.3,
"CZE","LIFEEXP","TOT","YR","A","2021",77.4,
"CZE","LIFEEXP","WOMEN","YR","A","2018",82,
"CZE","LIFEEXP","WOMEN","YR","A","2019",82.2,
"CZE","LIFEEXP","WOMEN","YR","A","2020",81.3,
"CZE","LIFEEXP","WOMEN","YR","A","2021",80.6,
"DNK","LIFEEXP","MEN","YR","A","2018",79.1,
"DNK","LIFEEXP","MEN","YR","A","2019",79.5,
"DNK","LIFEEXP","MEN","YR","A","2020",79.7,
"DNK","LIFEEXP","MEN","YR","A","2021",79.6,
"DNK","LIFEEXP","TOT","YR","A","2018",81,
"DNK","LIFEEXP","TOT","YR","A","2019",81.5,
"DNK","LIFEEXP","TOT","YR","A","2020",81.6,
"DNK","LIFEEXP","TOT","YR","A","2021",81.4,
"DNK","LIFEEXP","WOMEN","YR","A","2018",82.9,
"DNK","LIFEEXP","WOMEN","YR","A","2019",83.5,
"DNK","LIFEEXP","WOMEN","YR","A","2020",83.6,
"DNK","LIFEEXP","WOMEN","YR","A","2021",83.3,
"FIN","LIFEEXP","MEN","YR","A","2018",79.1,
"FIN","LIFEEXP","MEN","YR","A","2019",79.3,
"FIN","LIFEEXP","MEN","YR","A","2020",79.2,
"FIN","LIFEEXP","MEN","YR","A","2021",79.3,
"FIN","LIFEEXP","TOT","YR","A","2018",81.8,
"FIN","LIFEEXP","TOT","YR","A","2019",82.1,
"FIN","LIFEEXP","TOT","YR","A","2020",82,
"FIN","LIFEEXP","TOT","YR","A","2021",82,
"FIN","LIFEEXP","WOMEN","YR","A","2018",84.5,
"FIN","LIFEEXP","WOMEN","YR","A","2019",84.8,
"FIN","LIFEEXP","WOMEN","YR","A","2020",84.8,
"FIN","LIFEEXP","WOMEN","YR","A","2021",84.7,
"FRA","LIFEEXP","MEN","YR","A","2018",79.7,
"FRA","LIFEEXP","MEN","YR","A","2019",79.9,
"FRA","LIFEEXP","MEN","YR","A","2020",79.2,
"FRA","LIFEEXP","MEN","YR","A","2021",79.3,
"FRA","LIFEEXP","TOT","YR","A","2018",82.8,
"FRA","LIFEEXP","TOT","YR","A","2019",83,
"FRA","LIFEEXP","TOT","YR","A","2020",82.3,
"FRA","LIFEEXP","TOT","YR","A","2021",82.5,
"FRA","LIFEEXP","WOMEN","YR","A","2018",85.8,
"FRA","LIFEEXP","WOMEN","YR","A","2019",85.9,
"FRA","LIFEEXP","WOMEN","YR","A","2020",85.3,
"FRA","LIFEEXP","WOMEN","YR","A","2021",85.5,
"DEU","LIFEEXP","MEN","YR","A","2018",78.6,
"DEU","LIFEEXP","MEN","YR","A","2019",79,
"DEU","LIFEEXP","MEN","YR","A","2020",78.7,
"DEU","LIFEEXP","TOT","YR","A","2018",81,
"DEU","LIFEEXP","TOT","YR","A","2019",81.3,
"DEU","LIFEEXP","TOT","YR","A","2020",81.1,
"DEU","LIFEEXP","TOT","YR","A","2021",80.9,
"DEU","LIFEEXP","WOMEN","YR","A","2018",83.3,
"DEU","LIFEEXP","WOMEN","YR","A","2019",83.7,
"DEU","LIFEEXP","WOMEN","YR","A","2020",83.5,
"GRC","LIFEEXP","MEN","YR","A","2018",79.3,
"GRC","LIFEEXP","MEN","YR","A","2019",79.2,
"GRC","LIFEEXP","MEN","YR","A","2020",78.8,
"GRC","LIFEEXP","MEN","YR","A","2021",77.5,
"GRC","LIFEEXP","TOT","YR","A","2018",81.9,
"GRC","LIFEEXP","TOT","YR","A","2019",81.7,
"GRC","LIFEEXP","TOT","YR","A","2020",81.4,
"GRC","LIFEEXP","TOT","YR","A","2021",80.3,
"GRC","LIFEEXP","WOMEN","YR","A","2018",84.4,
"GRC","LIFEEXP","WOMEN","YR","A","2019",84.2,
"GRC","LIFEEXP","WOMEN","YR","A","2020",83.9,
"GRC","LIFEEXP","WOMEN","YR","A","2021",83,
"HUN","LIFEEXP","MEN","YR","A","2018",72.7,
"HUN","LIFEEXP","MEN","YR","A","2019",73.1,
"HUN","LIFEEXP","MEN","YR","A","2020",72.3,
"HUN","LIFEEXP","MEN","YR","A","2021",71.1,
"HUN","LIFEEXP","TOT","YR","A","2018",76.2,
"HUN","LIFEEXP","TOT","YR","A","2019",76.5,
"HUN","LIFEEXP","TOT","YR","A","2020",75.7,
"HUN","LIFEEXP","TOT","YR","A","2021",74.5,
"HUN","LIFEEXP","WOMEN","YR","A","2018",79.6,
"HUN","LIFEEXP","WOMEN","YR","A","2019",79.7,
"HUN","LIFEEXP","WOMEN","YR","A","2020",79,
"HUN","LIFEEXP","WOMEN","YR","A","2021",78,
"ISL","LIFEEXP","MEN","YR","A","2018",81.3,
"ISL","LIFEEXP","MEN","YR","A","2019",81.7,
"ISL","LIFEEXP","MEN","YR","A","2020",81.6,
"ISL","LIFEEXP","MEN","YR","A","2021",81.8,
"ISL","LIFEEXP","TOT","YR","A","2018",82.9,
"ISL","LIFEEXP","TOT","YR","A","2019",83.2,
"ISL","LIFEEXP","TOT","YR","A","2020",83.1,
"ISL","LIFEEXP","TOT","YR","A","2021",83.2,
"ISL","LIFEEXP","WOMEN","YR","A","2018",84.5,
"ISL","LIFEEXP","WOMEN","YR","A","2019",84.7,
"ISL","LIFEEXP","WOMEN","YR","A","2020",84.6,
"ISL","LIFEEXP","WOMEN","YR","A","2021",84.5,
"IRL","LIFEEXP","MEN","YR","A","2018",80.4,
"IRL","LIFEEXP","MEN","YR","A","2019",80.8,
"IRL","LIFEEXP","MEN","YR","A","2020",80.8,
"IRL","LIFEEXP","TOT","YR","A","2018",82.2,
"IRL","LIFEEXP","TOT","YR","A","2019",82.8,
"IRL","LIFEEXP","TOT","YR","A","2020",82.6,
"IRL","LIFEEXP","WOMEN","YR","A","2018",84.1,
"IRL","LIFEEXP","WOMEN","YR","A","2019",84.7,
"IRL","LIFEEXP","WOMEN","YR","A","2020",84.4,
"ITA","LIFEEXP","MEN","YR","A","2018",81.2,
"ITA","LIFEEXP","MEN","YR","A","2019",81.4,
"ITA","LIFEEXP","MEN","YR","A","2020",80,
"ITA","LIFEEXP","MEN","YR","A","2021",80.6,
"ITA","LIFEEXP","TOT","YR","A","2018",83.4,
"ITA","LIFEEXP","TOT","YR","A","2019",83.6,
"ITA","LIFEEXP","TOT","YR","A","2020",82.3,
"ITA","LIFEEXP","TOT","YR","A","2021",82.9,
"ITA","LIFEEXP","WOMEN","YR","A","2018",85.6,
"ITA","LIFEEXP","WOMEN","YR","A","2019",85.7,
"ITA","LIFEEXP","WOMEN","YR","A","2020",84.5,
"ITA","LIFEEXP","WOMEN","YR","A","2021",85.1,
"JPN","LIFEEXP","MEN","YR","A","2018",81.3,
"JPN","LIFEEXP","MEN","YR","A","2019",81.4,
"JPN","LIFEEXP","MEN","YR","A","2020",81.6,
"JPN","LIFEEXP","TOT","YR","A","2018",84.3,"E"
"JPN","LIFEEXP","TOT","YR","A","2019",84.4,"E"
"JPN","LIFEEXP","TOT","YR","A","2020",84.7,"E"
"JPN","LIFEEXP","WOMEN","YR","A","2018",87.3,
"JPN","LIFEEXP","WOMEN","YR","A","2019",87.4,
"JPN","LIFEEXP","WOMEN","YR","A","2020",87.7,
"KOR","LIFEEXP","MEN","YR","A","2018",79.7,
"KOR","LIFEEXP","MEN","YR","A","2019",80.3,
"KOR","LIFEEXP","MEN","YR","A","2020",80.5,
"KOR","LIFEEXP","TOT","YR","A","2018",82.7,
"KOR","LIFEEXP","TOT","YR","A","2019",83.3,
"KOR","LIFEEXP","TOT","YR","A","2020",83.5,
"KOR","LIFEEXP","WOMEN","YR","A","2018",85.7,
"KOR","LIFEEXP","WOMEN","YR","A","2019",86.3,
"KOR","LIFEEXP","WOMEN","YR","A","2020",86.5,
"LUX","LIFEEXP","MEN","YR","A","2018",80.1,
"LUX","LIFEEXP","MEN","YR","A","2019",80.2,
"LUX","LIFEEXP","MEN","YR","A","2020",79.9,
"LUX","LIFEEXP","MEN","YR","A","2021",80.7,
"LUX","LIFEEXP","TOT","YR","A","2018",82.3,
"LUX","LIFEEXP","TOT","YR","A","2019",82.7,
"LUX","LIFEEXP","TOT","YR","A","2020",82.2,
"LUX","LIFEEXP","TOT","YR","A","2021",82.8,
"LUX","LIFEEXP","WOMEN","YR","A","2018",84.6,
"LUX","LIFEEXP","WOMEN","YR","A","2019",85.2,
"LUX","LIFEEXP","WOMEN","YR","A","2020",84.5,
"LUX","LIFEEXP","WOMEN","YR","A","2021",84.9,
"MEX","LIFEEXP","MEN","YR","A","2018",72.2,
"MEX","LIFEEXP","MEN","YR","A","2019",72.2,
"MEX","LIFEEXP","MEN","YR","A","2020",72.4,
"MEX","LIFEEXP","TOT","YR","A","2018",75,
"MEX","LIFEEXP","TOT","YR","A","2019",75.1,
"MEX","LIFEEXP","TOT","YR","A","2020",75.2,
"MEX","LIFEEXP","WOMEN","YR","A","2018",77.9,
"MEX","LIFEEXP","WOMEN","YR","A","2019",78,
"MEX","LIFEEXP","WOMEN","YR","A","2020",78.1,
"NLD","LIFEEXP","MEN","YR","A","2018",80.3,
"NLD","LIFEEXP","MEN","YR","A","2019",80.6,
"NLD","LIFEEXP","MEN","YR","A","2020",79.7,
"NLD","LIFEEXP","MEN","YR","A","2021",79.9,
"NLD","LIFEEXP","TOT","YR","A","2018",81.9,
"NLD","LIFEEXP","TOT","YR","A","2019",82.2,
"NLD","LIFEEXP","TOT","YR","A","2020",81.4,
"NLD","LIFEEXP","TOT","YR","A","2021",81.5,
"NLD","LIFEEXP","WOMEN","YR","A","2018",83.4,
"NLD","LIFEEXP","WOMEN","YR","A","2019",83.7,
"NLD","LIFEEXP","WOMEN","YR","A","2020",83.1,
"NLD","LIFEEXP","WOMEN","YR","A","2021",83.1,
"NZL","LIFEEXP","MEN","YR","A","2018",80,
"NZL","LIFEEXP","MEN","YR","A","2019",80.3,
"NZL","LIFEEXP","MEN","YR","A","2020",80.5,
"NZL","LIFEEXP","TOT","YR","A","2018",81.7,
"NZL","LIFEEXP","TOT","YR","A","2019",82.1,
"NZL","LIFEEXP","TOT","YR","A","2020",82.3,
"NZL","LIFEEXP","WOMEN","YR","A","2018",83.5,
"NZL","LIFEEXP","WOMEN","YR","A","2019",83.9,
"NZL","LIFEEXP","WOMEN","YR","A","2020",84.1,
"NOR","LIFEEXP","MEN","YR","A","2018",81.1,
"NOR","LIFEEXP","MEN","YR","A","2019",81.3,
"NOR","LIFEEXP","MEN","YR","A","2020",81.6,
"NOR","LIFEEXP","MEN","YR","A","2021",81.7,
"NOR","LIFEEXP","TOT","YR","A","2018",82.8,
"NOR","LIFEEXP","TOT","YR","A","2019",83,
"NOR","LIFEEXP","TOT","YR","A","2020",83.3,
"NOR","LIFEEXP","TOT","YR","A","2021",83.2,
"NOR","LIFEEXP","WOMEN","YR","A","2018",84.5,
"NOR","LIFEEXP","WOMEN","YR","A","2019",84.7,
"NOR","LIFEEXP","WOMEN","YR","A","2020",84.9,
"NOR","LIFEEXP","WOMEN","YR","A","2021",84.7,
"POL","LIFEEXP","MEN","YR","A","2018",73.7,
"POL","LIFEEXP","MEN","YR","A","2019",74.1,
"POL","LIFEEXP","MEN","YR","A","2020",72.5,
"POL","LIFEEXP","MEN","YR","A","2021",71.7,
"POL","LIFEEXP","TOT","YR","A","2018",77.7,
"POL","LIFEEXP","TOT","YR","A","2019",78,
"POL","LIFEEXP","TOT","YR","A","2020",76.5,
"POL","LIFEEXP","TOT","YR","A","2021",75.6,
"POL","LIFEEXP","WOMEN","YR","A","2018",81.7,
"POL","LIFEEXP","WOMEN","YR","A","2019",81.9,
"POL","LIFEEXP","WOMEN","YR","A","2020",80.7,
"POL","LIFEEXP","WOMEN","YR","A","2021",79.7,
"PRT","LIFEEXP","MEN","YR","A","2018",78.3,
"PRT","LIFEEXP","MEN","YR","A","2019",78.7,
"PRT","LIFEEXP","MEN","YR","A","2020",78,
"PRT","LIFEEXP","MEN","YR","A","2021",78,
"PRT","LIFEEXP","TOT","YR","A","2018",81.5,
"PRT","LIFEEXP","TOT","YR","A","2019",81.9,
"PRT","LIFEEXP","TOT","YR","A","2020",81.1,
"PRT","LIFEEXP","TOT","YR","A","2021",81.2,
"PRT","LIFEEXP","WOMEN","YR","A","2018",84.5,
"PRT","LIFEEXP","WOMEN","YR","A","2019",84.8,
"PRT","LIFEEXP","WOMEN","YR","A","2020",84.1,
"PRT","LIFEEXP","WOMEN","YR","A","2021",84.3,
"SVK","LIFEEXP","MEN","YR","A","2018",73.9,
"SVK","LIFEEXP","MEN","YR","A","2019",74.3,
"SVK","LIFEEXP","MEN","YR","A","2020",73.5,
"SVK","LIFEEXP","MEN","YR","A","2021",71.3,
"SVK","LIFEEXP","TOT","YR","A","2018",77.4,
"SVK","LIFEEXP","TOT","YR","A","2019",77.8,
"SVK","LIFEEXP","TOT","YR","A","2020",77,
"SVK","LIFEEXP","TOT","YR","A","2021",74.8,
"SVK","LIFEEXP","WOMEN","YR","A","2018",80.8,
"SVK","LIFEEXP","WOMEN","YR","A","2019",81.2,
"SVK","LIFEEXP","WOMEN","YR","A","2020",80.4,
"SVK","LIFEEXP","WOMEN","YR","A","2021",78.3,
"ESP","LIFEEXP","MEN","YR","A","2018",80.7,
"ESP","LIFEEXP","MEN","YR","A","2019",81.1,
"ESP","LIFEEXP","MEN","YR","A","2020",79.6,
"ESP","LIFEEXP","MEN","YR","A","2021",80.3,
"ESP","LIFEEXP","TOT","YR","A","2018",83.5,
"ESP","LIFEEXP","TOT","YR","A","2019",84,
"ESP","LIFEEXP","TOT","YR","A","2020",82.4,
"ESP","LIFEEXP","TOT","YR","A","2021",83.3,
"ESP","LIFEEXP","WOMEN","YR","A","2018",86.3,
"ESP","LIFEEXP","WOMEN","YR","A","2019",86.7,
"ESP","LIFEEXP","WOMEN","YR","A","2020",85.2,
"ESP","LIFEEXP","WOMEN","YR","A","2021",86.2,
"SWE","LIFEEXP","MEN","YR","A","2018",80.9,
"SWE","LIFEEXP","MEN","YR","A","2019",81.5,
"SWE","LIFEEXP","MEN","YR","A","2020",80.6,
"SWE","LIFEEXP","MEN","YR","A","2021",81.4,
"SWE","LIFEEXP","TOT","YR","A","2018",82.6,
"SWE","LIFEEXP","TOT","YR","A","2019",83.2,
"SWE","LIFEEXP","TOT","YR","A","2020",82.4,
"SWE","LIFEEXP","TOT","YR","A","2021",83.2,
"SWE","LIFEEXP","WOMEN","YR","A","2018",84.3,
"SWE","LIFEEXP","WOMEN","YR","A","2019",84.8,
"SWE","LIFEEXP","WOMEN","YR","A","2020",84.2,
"SWE","LIFEEXP","WOMEN","YR","A","2021",85,
"CHE","LIFEEXP","MEN","YR","A","2018",81.9,
"CHE","LIFEEXP","MEN","YR","A","2019",82.1,
"CHE","LIFEEXP","MEN","YR","A","2020",81,
"CHE","LIFEEXP","MEN","YR","A","2021",81.9,
"CHE","LIFEEXP","TOT","YR","A","2018",83.8,
"CHE","LIFEEXP","TOT","YR","A","2019",84,
"CHE","LIFEEXP","TOT","YR","A","2020",83.1,
"CHE","LIFEEXP","TOT","YR","A","2021",84,
"CHE","LIFEEXP","WOMEN","YR","A","2018",85.7,
"CHE","LIFEEXP","WOMEN","YR","A","2019",85.8,
"CHE","LIFEEXP","WOMEN","YR","A","2020",85.1,
"CHE","LIFEEXP","WOMEN","YR","A","2021",85.9,
"TUR","LIFEEXP","MEN","YR","A","2018",75.6,
"TUR","LIFEEXP","MEN","YR","A","2019",75.9,
"TUR","LIFEEXP","TOT","YR","A","2018",78.3,
"TUR","LIFEEXP","TOT","YR","A","2019",78.6,
"TUR","LIFEEXP","WOMEN","YR","A","2018",81,
"TUR","LIFEEXP","WOMEN","YR","A","2019",81.3,
"GBR","LIFEEXP","MEN","YR","A","2018",79.5,
"GBR","LIFEEXP","MEN","YR","A","2019",79.6,
"GBR","LIFEEXP","MEN","YR","A","2020",78.4,
"GBR","LIFEEXP","TOT","YR","A","2018",81.3,"E"
"GBR","LIFEEXP","TOT","YR","A","2019",81.4,"E"
"GBR","LIFEEXP","TOT","YR","A","2020",80.4,"E"
"GBR","LIFEEXP","WOMEN","YR","A","2018",83.1,
"GBR","LIFEEXP","WOMEN","YR","A","2019",83.3,
"GBR","LIFEEXP","WOMEN","YR","A","2020",82.4,
"USA","LIFEEXP","MEN","YR","A","2018",76.2,
"USA","LIFEEXP","MEN","YR","A","2019",76.3,
"USA","LIFEEXP","MEN","YR","A","2020",74.2,
"USA","LIFEEXP","TOT","YR","A","2018",78.7,
"USA","LIFEEXP","TOT","YR","A","2019",78.8,
"USA","LIFEEXP","TOT","YR","A","2020",77,
"USA","LIFEEXP","WOMEN","YR","A","2018",81.2,
"USA","LIFEEXP","WOMEN","YR","A","2019",81.4,
"USA","LIFEEXP","WOMEN","YR","A","2020",79.9,
"BRA","LIFEEXP","MEN","YR","A","2018",72,
"BRA","LIFEEXP","MEN","YR","A","2019",72.2,
"BRA","LIFEEXP","MEN","YR","A","2020",72.5,
"BRA","LIFEEXP","TOT","YR","A","2018",75.7,
"BRA","LIFEEXP","TOT","YR","A","2019",75.9,
"BRA","LIFEEXP","TOT","YR","A","2020",76.1,
"BRA","LIFEEXP","WOMEN","YR","A","2018",79.4,
"BRA","LIFEEXP","WOMEN","YR","A","2019",79.6,
"BRA","LIFEEXP","WOMEN","YR","A","2020",79.7,
"CHL","LIFEEXP","MEN","YR","A","2018",77.7,
"CHL","LIFEEXP","MEN","YR","A","2019",77.9,
"CHL","LIFEEXP","MEN","YR","A","2020",78.1,
"CHL","LIFEEXP","MEN","YR","A","2021",78.3,"P"
"CHL","LIFEEXP","TOT","YR","A","2018",80.4,
"CHL","LIFEEXP","TOT","YR","A","2019",80.6,
"CHL","LIFEEXP","TOT","YR","A","2020",80.8,
"CHL","LIFEEXP","TOT","YR","A","2021",81,"P"
"CHL","LIFEEXP","WOMEN","YR","A","2018",83.2,
"CHL","LIFEEXP","WOMEN","YR","A","2019",83.4,
"CHL","LIFEEXP","WOMEN","YR","A","2020",83.6,
"CHL","LIFEEXP","WOMEN","YR","A","2021",83.8,"P"
"CHN","LIFEEXP","MEN","YR","A","2018",74.5,
"CHN","LIFEEXP","MEN","YR","A","2019",74.8,
"CHN","LIFEEXP","MEN","YR","A","2020",75,
"CHN","LIFEEXP","TOT","YR","A","2018",76.7,
"CHN","LIFEEXP","TOT","YR","A","2019",76.9,
"CHN","LIFEEXP","TOT","YR","A","2020",77.1,
"CHN","LIFEEXP","WOMEN","YR","A","2018",79.1,
"CHN","LIFEEXP","WOMEN","YR","A","2019",79.2,
"CHN","LIFEEXP","WOMEN","YR","A","2020",79.4,
"EST","LIFEEXP","MEN","YR","A","2018",74,
"EST","LIFEEXP","MEN","YR","A","2019",74.5,
"EST","LIFEEXP","MEN","YR","A","2020",74.4,
"EST","LIFEEXP","MEN","YR","A","2021",72.4,
"EST","LIFEEXP","TOT","YR","A","2018",78.5,
"EST","LIFEEXP","TOT","YR","A","2019",79,
"EST","LIFEEXP","TOT","YR","A","2020",78.9,
"EST","LIFEEXP","TOT","YR","A","2021",76.9,
"EST","LIFEEXP","WOMEN","YR","A","2018",82.7,
"EST","LIFEEXP","WOMEN","YR","A","2019",83,
"EST","LIFEEXP","WOMEN","YR","A","2020",83,
"EST","LIFEEXP","WOMEN","YR","A","2021",81.3,
"IND","LIFEEXP","MEN","YR","A","2018",68.2,
"IND","LIFEEXP","MEN","YR","A","2019",68.5,
"IND","LIFEEXP","MEN","YR","A","2020",68.7,
"IND","LIFEEXP","TOT","YR","A","2018",69.4,
"IND","LIFEEXP","TOT","YR","A","2019",69.7,
"IND","LIFEEXP","TOT","YR","A","2020",69.9,
"IND","LIFEEXP","WOMEN","YR","A","2018",70.7,
"IND","LIFEEXP","WOMEN","YR","A","2019",71,
"IND","LIFEEXP","WOMEN","YR","A","2020",71.2,
"IDN","LIFEEXP","MEN","YR","A","2018",69.4,
"IDN","LIFEEXP","MEN","YR","A","2019",69.6,
"IDN","LIFEEXP","MEN","YR","A","2020",69.8,
"IDN","LIFEEXP","TOT","YR","A","2018",71.5,
"IDN","LIFEEXP","TOT","YR","A","2019",71.7,
"IDN","LIFEEXP","TOT","YR","A","2020",71.9,
"IDN","LIFEEXP","WOMEN","YR","A","2018",73.7,
"IDN","LIFEEXP","WOMEN","YR","A","2019",74,
"IDN","LIFEEXP","WOMEN","YR","A","2020",74.2,
"ISR","LIFEEXP","MEN","YR","A","2018",80.9,
"ISR","LIFEEXP","MEN","YR","A","2019",81,
"ISR","LIFEEXP","MEN","YR","A","2020",80.6,
"ISR","LIFEEXP","MEN","YR","A","2021",80.5,
"ISR","LIFEEXP","TOT","YR","A","2018",82.9,
"ISR","LIFEEXP","TOT","YR","A","2019",82.9,
"ISR","LIFEEXP","TOT","YR","A","2020",82.7,
"ISR","LIFEEXP","TOT","YR","A","2021",82.6,
"ISR","LIFEEXP","WOMEN","YR","A","2018",84.8,
"ISR","LIFEEXP","WOMEN","YR","A","2019",84.7,
"ISR","LIFEEXP","WOMEN","YR","A","2020",84.8,
"ISR","LIFEEXP","WOMEN","YR","A","2021",84.6,
"RUS","LIFEEXP","MEN","YR","A","2018",67.8,
"RUS","LIFEEXP","MEN","YR","A","2019",68.2,
"RUS","LIFEEXP","TOT","YR","A","2018",72.8,
"RUS","LIFEEXP","TOT","YR","A","2019",73.2,
"RUS","LIFEEXP","WOMEN","YR","A","2018",77.8,
"RUS","LIFEEXP","WOMEN","YR","A","2019",78.2,
"SVN","LIFEEXP","MEN","YR","A","2018",78.5,
"SVN","LIFEEXP","MEN","YR","A","2019",78.7,
"SVN","LIFEEXP","MEN","YR","A","2020",77.8,
"SVN","LIFEEXP","MEN","YR","A","2021",77.9,
"SVN","LIFEEXP","TOT","YR","A","2018",81.5,
"SVN","LIFEEXP","TOT","YR","A","2019",81.6,
"SVN","LIFEEXP","TOT","YR","A","2020",80.6,
"SVN","LIFEEXP","TOT","YR","A","2021",80.9,
"SVN","LIFEEXP","WOMEN","YR","A","2018",84.4,
"SVN","LIFEEXP","WOMEN","YR","A","2019",84.5,
"SVN","LIFEEXP","WOMEN","YR","A","2020",83.4,
"SVN","LIFEEXP","WOMEN","YR","A","2021",84,
"ZAF","LIFEEXP","MEN","YR","A","2018",60.5,
"ZAF","LIFEEXP","MEN","YR","A","2019",60.7,
"ZAF","LIFEEXP","MEN","YR","A","2020",61,
"ZAF","LIFEEXP","TOT","YR","A","2018",63.9,
"ZAF","LIFEEXP","TOT","YR","A","2019",64.1,
"ZAF","LIFEEXP","TOT","YR","A","2020",64.4,
"ZAF","LIFEEXP","WOMEN","YR","A","2018",67.4,
"ZAF","LIFEEXP","WOMEN","YR","A","2019",67.7,
"ZAF","LIFEEXP","WOMEN","YR","A","2020",67.9,
"COL","LIFEEXP","MEN","YR","A","2018",73.3,
"COL","LIFEEXP","MEN","YR","A","2019",73.5,
"COL","LIFEEXP","MEN","YR","A","2020",73.6,
"COL","LIFEEXP","MEN","YR","A","2021",73.7,
"COL","LIFEEXP","TOT","YR","A","2018",76.5,
"COL","LIFEEXP","TOT","YR","A","2019",76.6,
"COL","LIFEEXP","TOT","YR","A","2020",76.7,
"COL","LIFEEXP","TOT","YR","A","2021",76.8,
"COL","LIFEEXP","WOMEN","YR","A","2018",79.8,
"COL","LIFEEXP","WOMEN","YR","A","2019",79.9,
"COL","LIFEEXP","WOMEN","YR","A","2020",80,
"COL","LIFEEXP","WOMEN","YR","A","2021",80,
"LVA","LIFEEXP","MEN","YR","A","2018",70.1,
"LVA","LIFEEXP","MEN","YR","A","2019",70.9,
"LVA","LIFEEXP","MEN","YR","A","2020",70.6,
"LVA","LIFEEXP","MEN","YR","A","2021",68.6,
"LVA","LIFEEXP","TOT","YR","A","2018",75.1,
"LVA","LIFEEXP","TOT","YR","A","2019",75.7,
"LVA","LIFEEXP","TOT","YR","A","2020",75.5,
"LVA","LIFEEXP","TOT","YR","A","2021",73.4,
"LVA","LIFEEXP","WOMEN","YR","A","2018",79.7,
"LVA","LIFEEXP","WOMEN","YR","A","2019",80.1,
"LVA","LIFEEXP","WOMEN","YR","A","2020",80,
"LVA","LIFEEXP","WOMEN","YR","A","2021",78.2,
"LTU","LIFEEXP","MEN","YR","A","2018",70.9,
"LTU","LIFEEXP","MEN","YR","A","2019",71.6,
"LTU","LIFEEXP","MEN","YR","A","2020",70.1,
"LTU","LIFEEXP","MEN","YR","A","2021",69.9,
"LTU","LIFEEXP","TOT","YR","A","2018",76,
"LTU","LIFEEXP","TOT","YR","A","2019",76.5,
"LTU","LIFEEXP","TOT","YR","A","2020",75.1,
"LTU","LIFEEXP","TOT","YR","A","2021",74.5,
"LTU","LIFEEXP","WOMEN","YR","A","2018",80.7,
"LTU","LIFEEXP","WOMEN","YR","A","2019",81.2,
"LTU","LIFEEXP","WOMEN","YR","A","2020",80.1,
"LTU","LIFEEXP","WOMEN","YR","A","2021",79,
"CRI","LIFEEXP","MEN","YR","A","2018",77.8,
"CRI","LIFEEXP","MEN","YR","A","2019",77.9,
"CRI","LIFEEXP","MEN","YR","A","2020",78.1,
"CRI","LIFEEXP","MEN","YR","A","2021",78.2,
"CRI","LIFEEXP","TOT","YR","A","2018",80.3,
"CRI","LIFEEXP","TOT","YR","A","2019",80.5,
"CRI","LIFEEXP","TOT","YR","A","2020",80.6,
"CRI","LIFEEXP","TOT","YR","A","2021",80.8,
"CRI","LIFEEXP","WOMEN","YR","A","2018",82.9,
"CRI","LIFEEXP","WOMEN","YR","A","2019",83,
"CRI","LIFEEXP","WOMEN","YR","A","2020",83.2,
"CRI","LIFEEXP","WOMEN","YR","A","2021",83.3,
"ARG","LIFEEXP","MEN","YR","A","2018",73.1,
"ARG","LIFEEXP","MEN","YR","A","2019",73.2,
"ARG","LIFEEXP","MEN","YR","A","2020",73.4,
"ARG","LIFEEXP","TOT","YR","A","2018",76.5,
"ARG","LIFEEXP","TOT","YR","A","2019",76.7,
"ARG","LIFEEXP","TOT","YR","A","2020",76.8,
"ARG","LIFEEXP","WOMEN","YR","A","2018",79.9,
"ARG","LIFEEXP","WOMEN","YR","A","2019",80,
"ARG","LIFEEXP","WOMEN","YR","A","2020",80.1,
"BGR","LIFEEXP","MEN","YR","A","2018",71.5,
"BGR","LIFEEXP","MEN","YR","A","2019",71.6,
"BGR","LIFEEXP","MEN","YR","A","2020",70,
"BGR","LIFEEXP","MEN","YR","A","2021",68.1,
"BGR","LIFEEXP","TOT","YR","A","2018",75,
"BGR","LIFEEXP","TOT","YR","A","2019",75.1,
"BGR","LIFEEXP","TOT","YR","A","2020",73.6,
"BGR","LIFEEXP","TOT","YR","A","2021",71.4,
"BGR","LIFEEXP","WOMEN","YR","A","2018",78.6,
"BGR","LIFEEXP","WOMEN","YR","A","2019",78.8,
"BGR","LIFEEXP","WOMEN","YR","A","2020",77.5,
"BGR","LIFEEXP","WOMEN","YR","A","2021",75.1,
"HRV","LIFEEXP","MEN","YR","A","2018",74.9,
"HRV","LIFEEXP","MEN","YR","A","2019",75.5,
"HRV","LIFEEXP","MEN","YR","A","2020",74.7,
"HRV","LIFEEXP","MEN","YR","A","2021",73.7,
"HRV","LIFEEXP","TOT","YR","A","2018",78.2,
"HRV","LIFEEXP","TOT","YR","A","2019",78.6,
"HRV","LIFEEXP","TOT","YR","A","2020",77.8,
"HRV","LIFEEXP","TOT","YR","A","2021",76.8,
"HRV","LIFEEXP","WOMEN","YR","A","2018",81.5,
"HRV","LIFEEXP","WOMEN","YR","A","2019",81.6,
"HRV","LIFEEXP","WOMEN","YR","A","2020",80.9,
"HRV","LIFEEXP","WOMEN","YR","A","2021",79.9,
"PER","LIFEEXP","MEN","YR","A","2018",73.8,
"PER","LIFEEXP","MEN","YR","A","2019",74.1,
"PER","LIFEEXP","MEN","YR","A","2020",74.3,
"PER","LIFEEXP","TOT","YR","A","2018",76.5,
"PER","LIFEEXP","TOT","YR","A","2019",76.7,
"PER","LIFEEXP","TOT","YR","A","2020",77,
"PER","LIFEEXP","WOMEN","YR","A","2018",79.3,
"PER","LIFEEXP","WOMEN","YR","A","2019",79.5,
"PER","LIFEEXP","WOMEN","YR","A","2020",79.7,
"ROU","LIFEEXP","MEN","YR","A","2018",71.7,
"ROU","LIFEEXP","MEN","YR","A","2019",71.9,
"ROU","LIFEEXP","MEN","YR","A","2020",70.4,
"ROU","LIFEEXP","MEN","YR","A","2021",69.4,
"ROU","LIFEEXP","TOT","YR","A","2018",75.3,
"ROU","LIFEEXP","TOT","YR","A","2019",75.6,
"ROU","LIFEEXP","TOT","YR","A","2020",74.2,
"ROU","LIFEEXP","TOT","YR","A","2021",72.9,
"ROU","LIFEEXP","WOMEN","YR","A","2018",79.2,
"ROU","LIFEEXP","WOMEN","YR","A","2019",79.5,
"ROU","LIFEEXP","WOMEN","YR","A","2020",78.3,
"ROU","LIFEEXP","WOMEN","YR","A","2021",76.7,
